{
    "pattern_type": "asymmetric_circles",
    "pattern_size": [
        4,
        11
    ],
    "reprojection_error": 24.638590583180328,
    "camera_matrix": [
        [
            25426.94881270503,
            0.0,
            498.2270442403628
        ],
        [
            0.0,
            17199.993799021566,
            923.6204903115523
        ],
        [
            0.0,
            0.0,
            1.0
        ]
    ],
    "cam0": [
        [
            25426.94881270503,
            0.0,
            498.2270442403628
        ],
        [
            0.0,
            17199.993799021566,
            923.6204903115523
        ],
        [
            0.0,
            0.0,
            1.0
        ]
    ],
    "baseline": 0.2,
    "distortion_coefficients": [
        -1.460438313422305,
        -346.2297544251635,
        0.8399841808860967,
        -0.08014538195157767,
        9350.314650886792
    ]
}